--
-- PostgreSQL database dump
--

-- Dumped from database version 16.1
-- Dumped by pg_dump version 16.1

SET statement_timeout = 0;
SET lock_timeout = 0;
SET idle_in_transaction_session_timeout = 0;
SET client_encoding = 'UTF8';
SET standard_conforming_strings = on;
SELECT pg_catalog.set_config('search_path', '', false);
SET check_function_bodies = false;
SET xmloption = content;
SET client_min_messages = warning;
SET row_security = off;

SET default_tablespace = '';

SET default_table_access_method = heap;

--
-- Name: customer; Type: TABLE; Schema: public; Owner: postgres
--

CREATE TABLE public.customer (
    c_id integer,
    c_name text,
    c_age integer,
    c_email text,
    c_mobile text,
    eid integer,
    data_id integer
);


ALTER TABLE public.customer OWNER TO postgres;

--
-- Name: dataplan; Type: TABLE; Schema: public; Owner: postgres
--

CREATE TABLE public.dataplan (
    data_id integer,
    data_size text,
    data_duration text,
    data_price text
);


ALTER TABLE public.dataplan OWNER TO postgres;

--
-- Name: department; Type: TABLE; Schema: public; Owner: postgres
--

CREATE TABLE public.department (
    dept_managerid integer NOT NULL,
    dno integer NOT NULL,
    dname text NOT NULL,
    dlocation text NOT NULL,
    pno integer
);


ALTER TABLE public.department OWNER TO postgres;

--
-- Name: project; Type: TABLE; Schema: public; Owner: postgres
--

CREATE TABLE public.project (
    pno integer NOT NULL,
    pname text NOT NULL,
    pduration text NOT NULL,
    project_managerid integer
);


ALTER TABLE public.project OWNER TO postgres;

--
-- Name: staff; Type: TABLE; Schema: public; Owner: postgres
--

CREATE TABLE public.staff (
    staff_id integer,
    staff_name text,
    dno integer,
    staff_sal real,
    age integer,
    mobile character varying(15) NOT NULL
);


ALTER TABLE public.staff OWNER TO postgres;

--
-- Data for Name: customer; Type: TABLE DATA; Schema: public; Owner: postgres
--

COPY public.customer (c_id, c_name, c_age, c_email, c_mobile, eid, data_id) FROM stdin;
110	Musta Karim	35	m_karim@gmail.com	08055089112	102	5
111	Lilian Jaiya	43	l_jaiye@gmail.com	08055185341	100	3
112	Arthur Musa	50	a_musa@gmail.com	07055282813	107	10
113	Philip Akonjo	41	p_akonjo@gmail.com	09052356772	100	2
114	Marylene Mapa	33	m_mapa@gmail.com	08053333551	120	5
115	Oghenero Agor	50	o_agor@gmail.com	07055566774	117	11
116	Adams Bree	33	a_bree@gmail.com	08056763367	102	1
117	Okafor Mathias	45	o_mathias@gmail.com	08056765424	120	10
118	Samson Adeleke	65	s_adeleke@gmail.com	07056774423	117	11
119	Lawal Tamire	35	l_tamire@gmail.com	09052111101	107	5
120	James Job	44	j_job@gmail.com	08059693919	100	8
121	Matthew Jakande	21	m_jakande@gmail.com	07051232144	120	2
122	Jimila Adegboye	20	j_adegboye@gmail.com	08054921923	107	5
\.


--
-- Data for Name: dataplan; Type: TABLE DATA; Schema: public; Owner: postgres
--

COPY public.dataplan (data_id, data_size, data_duration, data_price) FROM stdin;
1	350mb	2days	200naira
2	1.8gb	14days	500naira
3	3.9gb	30days	1000naira
4	7.5gb	30days	1500naira
5	9.2gb	30days	2000naira
6	10.8gb	30days	2500naira
7	14gb	30days	3000naira
8	18gb	30days	4000naira
9	24gb	30days	5000naira
10	29.9gb	30days	8000naira
11	50gb	30days	10000naira
\.


--
-- Data for Name: department; Type: TABLE DATA; Schema: public; Owner: postgres
--

COPY public.department (dept_managerid, dno, dname, dlocation, pno) FROM stdin;
108	1	Administration	Ikeja	44
101	2	Account	Egbeda	11
100	3	Packaging	Ajah	44
120	4	Research	V.I	33
97	5	Account	Magodo	22
122	6	Operations	Mile 2	44
107	7	Packaging	Ketu	55
\.


--
-- Data for Name: project; Type: TABLE DATA; Schema: public; Owner: postgres
--

COPY public.project (pno, pname, pduration, project_managerid) FROM stdin;
11	A	NINE MONTHS	102
22	B	FOURTEEN MONTHS	97
33	C	SIXTEEN MONTHS	120
44	D	TWENTYFIVE MONTHS	108
55	E	NINE MONTHS	107
\.


--
-- Data for Name: staff; Type: TABLE DATA; Schema: public; Owner: postgres
--

COPY public.staff (staff_id, staff_name, dno, staff_sal, age, mobile) FROM stdin;
100	Mustapha Ali	3	175000	32	08063285831
107	Alokwe Martin	7	380000	48	07090082812
97	Dankade Aminat	5	550000	40	09023688832
108	Josiah Joshua	1	120000	30	08053189131
102	Mankinde Mary	2	450000	55	09023487830
120	Adeleke Jane	4	200000	38	07061045862
122	Osahon Mark	6	320000	44	08022289842
104	Kuti Lawal	1	750000	35	09145689842
117	Suleman Ajayi	3	800000	50	7030089981
\.


--
-- Name: department department_pkey; Type: CONSTRAINT; Schema: public; Owner: postgres
--

ALTER TABLE ONLY public.department
    ADD CONSTRAINT department_pkey PRIMARY KEY (dept_managerid);


--
-- Name: project project_pkey; Type: CONSTRAINT; Schema: public; Owner: postgres
--

ALTER TABLE ONLY public.project
    ADD CONSTRAINT project_pkey PRIMARY KEY (pno);


--
-- PostgreSQL database dump complete
--

